[
    {
        "character": {
            "name": "mage",
            "stats": {
                "hp": 89,
                "armor": 0,
                "magic_resistance": 0,
                "physical_power": 15,
                "magic_power": 55,
                "special_trigger_chance": 65
            }
        },
        "items": [
            {
                "name": "solid_rock",
                "stats": {
                    "armor": 30,
                    "magic_resistance": 40
                }
            }
        ]
    },
    {
        "character": {
            "name": "warrior",
            "stats": {
                "hp": 289,
                "armor": 23,
                "magic_resistance": 43,
                "physical_power": 30,
                "magic_power": 4,
                "special_trigger_chance": 12
            }
        },
        "items": [
            {
                "name": "enchanted_sword",
                "stats": {
                    "physical_power": 5,
                    "magic_power": 1
                }
            }
        ]
    },
    {
        "character": {
            "name": "warrior",
            "stats": {
                "hp": 243,
                "armor": 23,
                "magic_resistance": 46,
                "physical_power": 29,
                "magic_power": 2,
                "special_trigger_chance": 17
            }
        },
        "items": [
            {
                "name": "shiny_staff",
                "stats": {
                    "physical_power": 0,
                    "magic_power": 25
                }
            }
        ]
    },
    {
        "character": {
            "name": "warrior",
            "stats": {
                "hp": 275,
                "armor": 28,
                "magic_resistance": 42,
                "physical_power": 24,
                "magic_power": 5,
                "special_trigger_chance": 14
            }
        }
    },
    {
        "character": {
            "name": "warrior",
            "stats": {
                "hp": 251,
                "armor": 27,
                "magic_resistance": 42,
                "physical_power": 23,
                "magic_power": 5,
                "special_trigger_chance": 20
            }
        }
    }
]