[
    {
        "character": {
            "name": "warrior",
            "stats": {
                "hp": 256,
                "armor": 25,
                "magic_resistance": 49,
                "physical_power": 26,
                "magic_power": 0,
                "special_trigger_chance": 11
            }
        },
        "items": [
            {
                "name": "enchanted_sword",
                "stats": {
                    "physical_power": 7,
                    "magic_power": 1
                }
            }
        ]
    },
    {
        "character": {
            "name": "warrior",
            "stats": {
                "hp": 268,
                "armor": 22,
                "magic_resistance": 49,
                "physical_power": 23,
                "magic_power": 1,
                "special_trigger_chance": 14
            }
        },
        "items": [
            {
                "name": "pole",
                "stats": {
                    "physical_power": 5,
                    "magic_power": 11
                }
            },
            {
                "name": "pole",
                "stats": {
                    "physical_power": 6,
                    "magic_power": 20
                }
            }
        ]
    },
    {
        "character": {
            "name": "ninja",
            "stats": {
                "hp": 54,
                "armor": 7,
                "magic_resistance": 0,
                "physical_power": 46,
                "magic_power": 5,
                "special_trigger_chance": 12
            }
        }
    },
    {
        "character": {
            "name": "ninja",
            "stats": {
                "hp": 75,
                "armor": 10,
                "magic_resistance": 2,
                "physical_power": 58,
                "magic_power": 1,
                "special_trigger_chance": 12
            }
        }
    },
    {
        "character": {
            "name": "warrior",
            "stats": {
                "hp": 213,
                "armor": 27,
                "magic_resistance": 49,
                "physical_power": 28,
                "magic_power": 3,
                "special_trigger_chance": 11
            }
        }
    }
]