[
    {
        "character": {
            "name": "warrior",
            "stats": {
                "hp": 212,
                "armor": 29,
                "magic_resistance": 43,
                "physical_power": 21,
                "magic_power": 4,
                "special_trigger_chance": 18
            }
        },
        "items": [
            {
                "name": "pole",
                "stats": {
                    "physical_power": 6,
                    "magic_power": 10
                }
            }
        ]
    },
    {
        "character": {
            "name": "warrior",
            "stats": {
                "hp": 248,
                "armor": 26,
                "magic_resistance": 43,
                "physical_power": 30,
                "magic_power": 4,
                "special_trigger_chance": 14
            }
        },
        "items": [
            {
                "name": "solid_rock",
                "stats": {
                    "armor": 33,
                    "magic_resistance": 36
                }
            }
        ]
    },
    {
        "character": {
            "name": "warrior",
            "stats": {
                "hp": 289,
                "armor": 27,
                "magic_resistance": 40,
                "physical_power": 26,
                "magic_power": 2,
                "special_trigger_chance": 17
            }
        },
        "items": [
            {
                "name": "pole",
                "stats": {
                    "physical_power": 5,
                    "magic_power": 14
                }
            }
        ]
    },
    {
        "character": {
            "name": "warrior",
            "stats": {
                "hp": 300,
                "armor": 29,
                "magic_resistance": 44,
                "physical_power": 29,
                "magic_power": 1,
                "special_trigger_chance": 20
            }
        }
    },
    {
        "character": {
            "name": "ninja",
            "stats": {
                "hp": 75,
                "armor": 8,
                "magic_resistance": 3,
                "physical_power": 48,
                "magic_power": 1,
                "special_trigger_chance": 10
            }
        }
    }
]