[
    {
        "character": {
            "name": "ninja",
            "stats": {
                "hp": 73,
                "armor": 6,
                "magic_resistance": 2,
                "physical_power": 47,
                "magic_power": 4,
                "special_trigger_chance": 12
            }
        }
    },
    {
        "character": {
            "name": "mage",
            "stats": {
                "hp": 95,
                "armor": 4,
                "magic_resistance": 2,
                "physical_power": 20,
                "magic_power": 75,
                "special_trigger_chance": 61
            }
        },
        "items": [
            {
                "name": "pole",
                "stats": {
                    "physical_power": 4,
                    "magic_power": 10
                }
            }
        ]
    },
    {
        "character": {
            "name": "warrior",
            "stats": {
                "hp": 300,
                "armor": 23,
                "magic_resistance": 46,
                "physical_power": 23,
                "magic_power": 3,
                "special_trigger_chance": 18
            }
        },
        "items": [
            {
                "name": "solid_rock",
                "stats": {
                    "armor": 20,
                    "magic_resistance": 30
                }
            },
            {
                "name": "magic_cauldron",
                "stats": {
                    "hp": 75
                }
            }
        ]
    },
    {
        "character": {
            "name": "mage",
            "stats": {
                "hp": 86,
                "armor": 4,
                "magic_resistance": 4,
                "physical_power": 26,
                "magic_power": 55,
                "special_trigger_chance": 51
            }
        }
    },
    {
        "character": {
            "name": "warrior",
            "stats": {
                "hp": 257,
                "armor": 25,
                "magic_resistance": 47,
                "physical_power": 27,
                "magic_power": 2,
                "special_trigger_chance": 18
            }
        }
    }
]